Workbook

Sheet Sheet1
A1: 22 | B1: 22 | C1: 2222 | E1: /02_dialog-boxes/ | F1: 222
A2: 35 | B2: <b>Data & Analysis</b><br> | C2: <b>Data & Analysis</b><br> | F2: =VLOOKUP(E2,_02_dialog_boxes[Name],1,FALSE) -> #N/A
A3: 9 | B3: <b>Duration & Timing</b><br> | C3: <b>Duration & Timing</b><br> | F3: =VLOOKUP(E3,_02_dialog_boxes[Name],1,FALSE) -> #N/A
A4: 28 | B4: <b>Equipment & Deployment</b><br> | C4: <b>Equipment & Deployment</b><br> | F4: =VLOOKUP(E4,_02_dialog_boxes[Name],1,FALSE) -> #N/A
A5: 1 | B5: <b>Objectives & Resources</b><br> | C5: <b>Objectives & Resources</b><br>
A6: 41 | B6: <b>Recommendations</b><br> | C6: <b>Recommendations</b><br> | F6: =VLOOKUP(E6,_02_dialog_boxes[Name],1,FALSE) -> #N/A
A7: 70 | B7: <b>References / Glossary / Other resources libraries</b><br> | C7: <b>References / Glossary / Other resources libraries</b><br> | F7: =VLOOKUP(E7,_02_dialog_boxes[Name],1,FALSE) -> #N/A
A8: 4 | B8: <b>Study area & Site selection constraints</b><br> | C8: <b>Study area & Site selection constraints</b><br> | F8: =VLOOKUP(E8,_02_dialog_boxes[Name],1,FALSE) -> #N/A
A9: 13 | B9: <b>Target species</b><br> | C9: <b>Target species</b><br> | F9: =VLOOKUP(E9,_02_dialog_boxes[Name],1,FALSE) -> #N/A
A10: 69 | B10: <br><font color='#FFFFFF'>......</font><b><i>Analysis considerations</i></b><br> | C10: <br><font color='#FFFFFF'>......</font><b><i>Analysis considerations</i></b><br> | F10: =VLOOKUP(E10,_02_dialog_boxes[Name],1,FALSE) -> #N/A
A11: 2 | B11: <font color='#FFFFFF'>..........</font>[{{ title_i_objective }}](/02_dialog-boxes/01_02_objective.md)<br> | C11: <font color='#FFFFFF'>..........</font>[{{ title_i_objective }} | E11: 01_02_objective | F11: =VLOOKUP(E11,[1]q_lu_info_pages!$H:$H,1,FALSE) -> 01_02_objective
A12: 3 | B12: <font color='#FFFFFF'>..........</font>[{{ title_i_num_cams }}](/02_dialog-boxes/01_03_num_cams.md)<br> | C12: <font color='#FFFFFF'>..........</font>[{{ title_i_num_cams }} | E12: 01_03_num_cams | F12: =VLOOKUP(E12,[1]q_lu_info_pages!$H:$H,1,FALSE) -> 01_03_num_cams
A13: 5 | B13: <font color='#FFFFFF'>..........</font>[{{ title_i_study_area_mult }}](/02_dialog-boxes/01_04_study_area_mult.md)<br> | C13: <font color='#FFFFFF'>..........</font>[{{ title_i_study_area_mult }} | E13: 02_01_design_study_area | F13: =VLOOKUP(E13,[1]q_lu_info_pages!$H:$H,1,FALSE) -> 02_01_design_study_area
A14: 6 | B14: <font color='#FFFFFF'>..........</font>[{{ title_i_cam_dens_gradient }}](/02_dialog-boxes/01_05_cam_dens_gradient.md)<br> | C14: <font color='#FFFFFF'>..........</font>[{{ title_i_cam_dens_gradient }} | E14: 01_05_cam_dens_gradient | F14: =VLOOKUP(E14,[1]q_lu_info_pages!$H:$H,1,FALSE) -> 01_05_cam_dens_gradient
A15: 7 | B15: <font color='#FFFFFF'>..........</font>[{{ title_i_cam_strat_covar }}](/02_dialog-boxes/01_06_cam_strat_covar.md)<br> | C15: <font color='#FFFFFF'>..........</font>[{{ title_i_cam_strat_covar }} | E15: 01_06_cam_strat_covar | F15: =VLOOKUP(E15,[1]q_lu_info_pages!$H:$H,1,FALSE) -> 01_06_cam_strat_covar
A16: 8 | B16: <font color='#FFFFFF'>..........</font>[{{ title_i_cam_high_dens }}](/02_dialog-boxes/01_07_cam_high_dens.md)<br> | C16: <font color='#FFFFFF'>..........</font>[{{ title_i_cam_high_dens }} | E16: 01_07_cam_high_dens | F16: =VLOOKUP(E16,[1]q_lu_info_pages!$H:$H,1,FALSE) -> 01_07_cam_high_dens
A17: 10 | B17: <font color='#FFFFFF'>..........</font>[{{ title_i_surv_dur }}](/02_dialog-boxes/01_08_surv_dur.md)<br> | C17: <font color='#FFFFFF'>..........</font>[{{ title_i_surv_dur }} | E17: 01_08_surv_dur | F17: =VLOOKUP(E17,[1]q_lu_info_pages!$H:$H,1,FALSE) -> 01_08_surv_dur
A18: 11 | B18: <font color='#FFFFFF'>..........</font>[{{ title_i_sp_asymptote }}](/02_dialog-boxes/01_10_sp_asymptote.html#i_sp_asymptote)<br> | C18: <font color='#FFFFFF'>..........</font>[{{ title_i_sp_asymptote }} | E18: 01_10_sp_asymptote | F18: =VLOOKUP(E18,[1]q_lu_info_pages!$H:$H,1,FALSE) -> 01_10_sp_asymptote
A19: 12 | B19: <font color='#FFFFFF'>..........</font>[{{ title_i_study_season_num }}](/02_dialog-boxes/01_11_study_season_num.md)<br> | C19: <font color='#FFFFFF'>..........</font>[{{ title_i_study_season_num }} | E19: 01_11_study_season_num | F19: =VLOOKUP(E19,[1]q_lu_info_pages!$H:$H,1,FALSE) -> 01_11_study_season_num
A20: 14 | B20: <font color='#FFFFFF'>..........</font>[{{ title_i_obj_targ_sp }}](/02_dialog-boxes/01_12_obj_targ_sp.md)<br> | C20: <font color='#FFFFFF'>..........</font>[{{ title_i_obj_targ_sp }} | E20: 01_12_obj_targ_sp | F20: =VLOOKUP(E20,[1]q_lu_info_pages!$H:$H,1,FALSE) -> 01_12_obj_targ_sp
A21: 15 | B21: <font color='#FFFFFF'>..........</font>[{{ title_i_sp_info }}](/02_dialog-boxes/01_13_sp_info.md)<br> | C21: <font color='#FFFFFF'>..........</font>[{{ title_i_sp_info }} | E21: 01_13_sp_info | F21: =VLOOKUP(E21,[1]q_lu_info_pages!$H:$H,1,FALSE) -> 01_13_sp_info
A22: 16 | B22: <font color='#FFFFFF'>..........</font>[{{ title_i_sp_type }}](/02_dialog-boxes/01_14_sp_type.md)<br> | C22: <font color='#FFFFFF'>..........</font>[{{ title_i_sp_type }} | E22: 01_14_sp_type | F22: =VLOOKUP(E22,[1]q_lu_info_pages!$H:$H,1,FALSE) -> 01_14_sp_type
... A72: 73 | B72: <font color='#FFFFFF'>......</font><b><i>[{{ title_i_other_resource_lib }}](/02_dialog-boxes/10_other_resource_lib.html)</i></b> | C72: <font color='#FFFFFF'>......</font><b><i>[{{ title_i_other_resource_lib }} | E72: 10_other_resource_lib | F72: =VLOOKUP(E72,[1]q_lu_info_pages!$H:$H,1,FALSE) -> #N/A
A73: 50 | B73: <font color='#FFFFFF'>......</font><b><i>Modelling Approaches</i></b><br> | C73: <font color='#FFFFFF'>......</font><b><i>Modelling Approaches</i></b><br> | F73: =VLOOKUP(E73,_02_dialog_boxes[Name],1,FALSE) -> #N/A
A74: 42 | B74: <font color='#FFFFFF'>......</font><b><i>Sampling design</i></b><br> | C74: <font color='#FFFFFF'>......</font><b><i>Sampling design</i></b><br> | F74: =VLOOKUP(E74,_02_dialog_boxes[Name],1,FALSE) -> #N/A

Sheet 02_dialog-boxes
B1: Name | C1: Folder Path
A2: =VLOOKUP(_02_dialog_boxes[[#This Row],[Name]],Sheet1!E:E,1,FALSE) -> 01_02_objective | B2: 01_02_objective | C2: C:\Users\cassi\Documents\GitHub_AB-RCSC\rc-tool_concept-library\02_dialog-boxes\
A3: =VLOOKUP(_02_dialog_boxes[[#This Row],[Name]],Sheet1!E:E,1,FALSE) -> 01_03_num_cams | B3: 01_03_num_cams | C3: C:\Users\cassi\Documents\GitHub_AB-RCSC\rc-tool_concept-library\02_dialog-boxes\
A4: =VLOOKUP(_02_dialog_boxes[[#This Row],[Name]],Sheet1!E:E,1,FALSE) -> 01_06_cam_strat_covar | B4: 01_06_cam_strat_covar | C4: C:\Users\cassi\Documents\GitHub_AB-RCSC\rc-tool_concept-library\02_dialog-boxes\
A5: =VLOOKUP(_02_dialog_boxes[[#This Row],[Name]],Sheet1!E:E,1,FALSE) -> 01_10_sp_asymptote | B5: 01_10_sp_asymptote | C5: C:\Users\cassi\Documents\GitHub_AB-RCSC\rc-tool_concept-library\02_dialog-boxes\
A6: =VLOOKUP(_02_dialog_boxes[[#This Row],[Name]],Sheet1!E:E,1,FALSE) -> 01_13_sp_info | B6: 01_13_sp_info | C6: C:\Users\cassi\Documents\GitHub_AB-RCSC\rc-tool_concept-library\02_dialog-boxes\
A7: =VLOOKUP(_02_dialog_boxes[[#This Row],[Name]],Sheet1!E:E,1,FALSE) -> 01_14_sp_type | B7: 01_14_sp_type | C7: C:\Users\cassi\Documents\GitHub_AB-RCSC\rc-tool_concept-library\02_dialog-boxes\
A8: =VLOOKUP(_02_dialog_boxes[[#This Row],[Name]],Sheet1!E:E,1,FALSE) -> 01_15_sp_dens_low | B8: 01_15_sp_dens_low | C8: C:\Users\cassi\Documents\GitHub_AB-RCSC\rc-tool_concept-library\02_dialog-boxes\
A9: =VLOOKUP(_02_dialog_boxes[[#This Row],[Name]],Sheet1!E:E,1,FALSE) -> 01_17_sp_hr_size | B9: 01_17_sp_hr_size | C9: C:\Users\cassi\Documents\GitHub_AB-RCSC\rc-tool_concept-library\02_dialog-boxes\
A10: =VLOOKUP(_02_dialog_boxes[[#This Row],[Name]],Sheet1!E:E,1,FALSE) -> 01_18_sp_size | B10: 01_18_sp_size | C10: C:\Users\cassi\Documents\GitHub_AB-RCSC\rc-tool_concept-library\02_dialog-boxes\
A11: =VLOOKUP(_02_dialog_boxes[[#This Row],[Name]],Sheet1!E:E,1,FALSE) -> 01_19_sp_rarity | B11: 01_19_sp_rarity | C11: C:\Users\cassi\Documents\GitHub_AB-RCSC\rc-tool_concept-library\02_dialog-boxes\
A12: =VLOOKUP(_02_dialog_boxes[[#This Row],[Name]],Sheet1!E:E,1,FALSE) -> 01_20_sp_detprob_cat | B12: 01_20_sp_detprob_cat | C12: C:\Users\cassi\Documents\GitHub_AB-RCSC\rc-tool_concept-library\02_dialog-boxes\
A13: =VLOOKUP(_02_dialog_boxes[[#This Row],[Name]],Sheet1!E:E,1,FALSE) -> 01_21_sp_behav | B13: 01_21_sp_behav | C13: C:\Users\cassi\Documents\GitHub_AB-RCSC\rc-tool_concept-library\02_dialog-boxes\
... A40: =VLOOKUP(_02_dialog_boxes[[#This Row],[Name]],Sheet1!E:E,1,FALSE) -> 10_other_resource_lib | B40: 10_other_resource_lib | C40: C:\Users\cassi\Documents\GitHub_AB-RCSC\rc-tool_concept-library\02_dialog-boxes\
